{"errors":[],"warnings":[],"namedChunkGroups":{"app":{"chunks":[7,8],"assets":["webpack-runtime-c462bf4147ffcbd07957.js","webpack-runtime-c462bf4147ffcbd07957.js.map","app-61406576215dfb13a5b8.js","app-61406576215dfb13a5b8.js.map"],"children":{},"childAssets":{}},"component---src-templates-md-template-js":{"chunks":[1,0,6],"assets":["1-66901c3be827ec3f844f.js","1-66901c3be827ec3f844f.js.map","0.44906f479440c8310e52.css","0-419debd70f3c2e11f631.js","0.44906f479440c8310e52.css.map","0-419debd70f3c2e11f631.js.map","component---src-templates-md-template-js-cf9b076599bd0c23ceda.js","component---src-templates-md-template-js-cf9b076599bd0c23ceda.js.map"],"children":{},"childAssets":{}},"component---src-pages-404-js":{"chunks":[1,0,5],"assets":["1-66901c3be827ec3f844f.js","1-66901c3be827ec3f844f.js.map","0.44906f479440c8310e52.css","0-419debd70f3c2e11f631.js","0.44906f479440c8310e52.css.map","0-419debd70f3c2e11f631.js.map","component---src-pages-404-js-4ae4f1e50e33e7d57aa7.js","component---src-pages-404-js-4ae4f1e50e33e7d57aa7.js.map"],"children":{},"childAssets":{}},"component---src-pages-component-js":{"chunks":[1,0,4],"assets":["1-66901c3be827ec3f844f.js","1-66901c3be827ec3f844f.js.map","0.44906f479440c8310e52.css","0-419debd70f3c2e11f631.js","0.44906f479440c8310e52.css.map","0-419debd70f3c2e11f631.js.map","component---src-pages-component-js-41f01f4f6fbd97e460cf.js","component---src-pages-component-js-41f01f4f6fbd97e460cf.js.map"],"children":{},"childAssets":{}},"component---src-pages-index-js":{"chunks":[1,0,3],"assets":["1-66901c3be827ec3f844f.js","1-66901c3be827ec3f844f.js.map","0.44906f479440c8310e52.css","0-419debd70f3c2e11f631.js","0.44906f479440c8310e52.css.map","0-419debd70f3c2e11f631.js.map","component---src-pages-index-js-6da72748baa6020b9304.js","component---src-pages-index-js-6da72748baa6020b9304.js.map"],"children":{},"childAssets":{}}},"assetsByChunkName":{"app":["webpack-runtime-c462bf4147ffcbd07957.js","app-61406576215dfb13a5b8.js"],"component---src-templates-md-template-js":["1-66901c3be827ec3f844f.js","0.44906f479440c8310e52.css","0-419debd70f3c2e11f631.js","component---src-templates-md-template-js-cf9b076599bd0c23ceda.js"],"component---src-pages-404-js":["1-66901c3be827ec3f844f.js","0.44906f479440c8310e52.css","0-419debd70f3c2e11f631.js","component---src-pages-404-js-4ae4f1e50e33e7d57aa7.js"],"component---src-pages-component-js":["1-66901c3be827ec3f844f.js","0.44906f479440c8310e52.css","0-419debd70f3c2e11f631.js","component---src-pages-component-js-41f01f4f6fbd97e460cf.js"],"component---src-pages-index-js":["1-66901c3be827ec3f844f.js","0.44906f479440c8310e52.css","0-419debd70f3c2e11f631.js","component---src-pages-index-js-6da72748baa6020b9304.js"]}}